{
  "weights": [
    -3.191771282663987,
    4.622516336588547,
    8.36884413281625,
    2.7004821079418897,
    3.379087885571321,
    2.2868044839053443,
    0.7323557673672436,
    0.7912638041075261,
    1.1621746819805423,
    -3.760352139800451,
    -1.9139744521197908,
    -0.3427807336073555,
    -0.8953506194166075
  ],
  "bias": -12.597447714548814,
  "scaler": {
    "means": [
      153.25307333839407,
      48.6875115269392,
      64.97165991902834,
      246.1417004048583,
      0.2510951733299595,
      0.10561108299595141,
      0.09738608088731444,
      0.07606907894736842,
      0.08922170209176788,
      0.09868948211875843,
      0.10973083248987854,
      0.13084487812078271,
      0.2924468623481781
    ],
    "stds": [
      61.334511254524735,
      22.624536467799892,
      63.369090036140605,
      20.098211005899028,
      0.1507460762363499,
      0.2123098496062813,
      0.1467528584230894,
      0.08777809077600898,
      0.08697043505596494,
      0.07985689874802293,
      0.08838412212880799,
      0.12090546748739145,
      0.28214400023296893
    ]
  }
}